{
  "dataset": "mechatree.evolution",
  "source_path": "forest",
  "n_individuals": 100,
  "schema": {
    "col_nnbranch": [
      9,
      19
    ],
    "col_nnreserve": [
      19,
      37
    ],
    "col_tag": [
      44,
      46
    ],
    "col_moment_leaves": 46,
    "col_n_seeds": 47,
    "note": "0-based python col indices; layout mirrors S3.dat so mechatree.genome.load_champion (which reads full_row[6:9] for angles and indexes nn_branch / nn_reserve) keeps working against this file unchanged."
  },
  "tag_genes": [
    [
      0.6395632712371101,
      0.26646331750084606
    ],
    [
      0.08449321882352023,
      0.935939822700626
    ],
    [
      0.3464928613130488,
      0.12386977486422102
    ],
    [
      0.6395632712371101,
      0.26810662751225844
    ],
    [
      0.3464928613130488,
      0.12943460432252232
    ],
    [
      0.6395632712371101,
      0.26646331750084606
    ],
    [
      0.08449321882352023,
      0.9357176418621043
    ],
    [
      0.6395632712371101,
      0.2655617823865984
    ],
    [
      0.6395632712371101,
      0.26921793940531374
    ],
    [
      0.08449321882352023,
      0.935939822700626
    ],
    [
      0.3464928613130488,
      0.12386977486422102
    ],
    [
      0.08601986026026369,
      0.935939822700626
    ],
    [
      0.3464928613130488,
      0.1270228366766377
    ],
    [
      0.6395632712371101,
      0.27374045155356364
    ],
    [
      0.6416225526313751,
      0.26646331750084606
    ],
    [
      0.6308936592209617,
      0.26646331750084606
    ],
    [
      0.6395632712371101,
      0.26646331750084606
    ],
    [
      0.6388809026777184,
      0.26646331750084606
    ],
    [
      0.6395632712371101,
      0.2653434066821172
    ],
    [
      0.08449321882352023,
      0.9293291532102096
    ],
    [
      0.08137804934893167,
      0.935939822700626
    ],
    [
      0.11967255586489434,
      0.3649193610782525
    ],
    [
      0.6404079512159038,
      0.26810662751225844
    ],
    [
      0.6410819303913071,
      0.26646331750084606
    ],
    [
      0.08449321882352023,
      0.9335919901457641
    ],
    [
      0.6395632712371101,
      0.26646331750084606
    ],
    [
      0.6364276818154515,
      0.26646331750084606
    ],
    [
      0.6395632712371101,
      0.2672446396585371
    ],
    [
      0.08347376402918716,
      0.935939822700626
    ],
    [
      0.08449321882352023,
      0.935939822700626
    ],
    [
      0.6395632712371101,
      0.2727638320588503
    ],
    [
      0.6395632712371101,
      0.2636084605249094
    ],
    [
      0.6395632712371101,
      0.26646331750084606
    ],
    [
      0.08449321882352023,
      0.935939822700626
    ],
    [
      0.07919851411814684,
      0.935939822700626
    ],
    [
      0.7187031547413364,
      0.7389840039155418
    ],
    [
      0.6395632712371101,
      0.2590906268472103
    ],
    [
      0.08449321882352023,
      0.9391265964039712
    ],
    [
      0.08449321882352023,
      0.935939822700626
    ],
    [
      0.11967255586489434,
      0.3649193610782525
    ],
    [
      0.6395632712371101,
      0.2679064463086783
    ],
    [
      0.08449321882352023,
      0.935939822700626
    ],
    [
      0.08449321882352023,
      0.935939822700626
    ],
    [
      0.7148838218865874,
      0.7389840039155418
    ],
    [
      0.7154071296158017,
      0.7459738551234619
    ],
    [
      0.6461865496198532,
      0.26646331750084606
    ],
    [
      0.6341081195462427,
      0.26646331750084606
    ],
    [
      0.08449321882352023,
      0.942074014936173
    ],
    [
      0.6395632712371101,
      0.27054606814182214
    ],
    [
      0.08534211113708573,
      0.935939822700626
    ],
    [
      0.6395632712371101,
      0.26646331750084606
    ],
    [
      0.6395632712371101,
      0.26646331750084606
    ],
    [
      0.6395632712371101,
      0.27265150754894796
    ],
    [
      0.6418267424014819,
      0.26646331750084606
    ],
    [
      0.08677260891330071,
      0.935939822700626
    ],
    [
      0.6395632712371101,
      0.26646331750084606
    ],
    [
      0.6395632712371101,
      0.26646331750084606
    ],
    [
      0.6395632712371101,
      0.26646331750084606
    ],
    [
      0.6395632712371101,
      0.26646331750084606
    ],
    [
      0.6455387750055199,
      0.26646331750084606
    ],
    [
      0.08449321882352023,
      0.935939822700626
    ],
    [
      0.08449321882352023,
      0.930993467370119
    ],
    [
      0.0907167571526839,
      0.935939822700626
    ],
    [
      0.08449321882352023,
      0.9354094888639317
    ],
    [
      0.3476687054830078,
      0.12386977486422102
    ],
    [
      0.6395632712371101,
      0.26810662751225844
    ],
    [
      0.3464928613130488,
      0.12943460432252232
    ],
    [
      0.6395632712371101,
      0.26646331750084606
    ],
    [
      0.635370612711434,
      0.26646331750084606
    ],
    [
      0.6395632712371101,
      0.26838848320244785
    ],
    [
      0.6412536571844636,
      0.26646331750084606
    ],
    [
      0.6427714626747496,
      0.26646331750084606
    ],
    [
      0.08449321882352023,
      0.9317271327930247
    ],
    [
      0.08449321882352023,
      0.935939822700626
    ],
    [
      0.08449321882352023,
      0.9366909691079978
    ],
    [
      0.08449321882352023,
      0.9281153950733674
    ],
    [
      0.3464928613130488,
      0.13341561128079452
    ],
    [
      0.6395632712371101,
      0.2666579708701065
    ],
    [
      0.6348740570436514,
      0.26810662751225844
    ],
    [
      0.3464928613130488,
      0.1185193493842112
    ],
    [
      0.3464928613130488,
      0.1270228366766377
    ],
    [
      0.6395632712371101,
      0.27374045155356364
    ],
    [
      0.6395632712371101,
      0.2672025602756058
    ],
    [
      0.6395632712371101,
      0.26646331750084606
    ],
    [
      0.6395632712371101,
      0.2625082667042779
    ],
    [
      0.6395632712371101,
      0.26874351073533975
    ],
    [
      0.6395632712371101,
      0.26889876206753366
    ],
    [
      0.6395632712371101,
      0.26595660385167086
    ],
    [
      0.6397383000178718,
      0.26646331750084606
    ],
    [
      0.6395632712371101,
      0.26646331750084606
    ],
    [
      0.6408300881895873,
      0.26646331750084606
    ],
    [
      0.6395632712371101,
      0.26646331750084606
    ],
    [
      0.3464928613130488,
      0.1177744403769456
    ],
    [
      0.6395632712371101,
      0.26646331750084606
    ],
    [
      0.6445891490189458,
      0.26646331750084606
    ],
    [
      0.6395632712371101,
      0.272845235296219
    ],
    [
      0.6395632712371101,
      0.26773656698761533
    ],
    [
      0.08449321882352023,
      0.935150494644509
    ],
    [
      0.08449321882352023,
      0.935939822700626
    ],
    [
      0.0821907062357216,
      0.935939822700626
    ]
  ],
  "species_labels": [
    0,
    1,
    0,
    0,
    0,
    0,
    1,
    0,
    0,
    1,
    0,
    1,
    0,
    0,
    0,
    0,
    0,
    0,
    0,
    1,
    1,
    0,
    0,
    0,
    1,
    0,
    0,
    0,
    1,
    1,
    0,
    0,
    0,
    1,
    1,
    0,
    0,
    1,
    1,
    0,
    0,
    1,
    1,
    0,
    0,
    0,
    0,
    1,
    0,
    1,
    0,
    0,
    0,
    0,
    1,
    0,
    0,
    0,
    0,
    0,
    1,
    1,
    1,
    1,
    0,
    0,
    0,
    0,
    0,
    0,
    0,
    0,
    1,
    1,
    1,
    1,
    0,
    0,
    0,
    0,
    0,
    0,
    0,
    0,
    0,
    0,
    0,
    0,
    0,
    0,
    0,
    0,
    0,
    0,
    0,
    0,
    0,
    1,
    1,
    1
  ],
  "species": [
    {
      "species_id": 0,
      "n_members": 71,
      "centroid_tag": [
        0.5869551189420813,
        0.27001629743634076
      ],
      "champion_index": 0,
      "champion_tag_genes": [
        0.6395632712371101,
        0.26646331750084606
      ],